0,振动宝石,200,
1,壶虫,500,
2,振动杖,2000,
3,肛门虫,5000,
4,假阳具,2000,
5,眼罩,4000,
6,水晶球,7000,
7,阴蒂夹,2000,
8,乳头夹,3000,
9,口塞,1000,
10,鞭,200,
11,针,2000,
12,飞机杯,4000,
13,地垫,5000,;お風呂場でプレイの幅が広がる
14,绳子,3000,
15,灌肠+肛塞,8000,
16,大镜子,30000,;羞耻PLAYが可能になる
17,搾乳器,1500,
18,项圈,5000,;野外PLAYが可能になる
19,围裙,10000,;新妻PLAYが可能になる
20,肛珠,7000,
21,电极接头,50000,
22,野狗,3000,;兽奸調教が可能に
23,拘束衣,10000,;助手専用
;,,,
24,安全套,100,;定番の避妊具、避妊には十分だが、使い捨て
25,润滑液,200,
26,媚药,2000,;他のeraシリーズの媚药にあたるアイテム
27,利尿剂,1000,
28,水晶球魔力源,500,ビデオカメラの使用に必要。使い捨て
29,打虫药,500,;寄生を解除する
;,,,
30,营养剂,1000,;体力を300回復する
31,熏香,3000,;否定点数を半減する
;33,WG电池,100000,;キャラの寿命を延ばす
34,穿孔工具,5000,;キャラにピアスを付ける
35,观战卷,700,;闘技場利用に必要
;,,,
37,好感测定仪,1000,;調教対象の好感度が表示されるようになる
38,魅力鳞甲,100000,;マスターにTAL:魅惑がつく
39,【魔界知识】,100000,;マスターにTAL:秘密知識がつく
;,,,
40,排卵诱发剂,2000,;敢えて孕ませる場合に使う。
41,生毛剂,2000,;陰毛を生やす
;,,,
42,【调合知识】,40000,;マスターにTAL:调合知识がつく
52,【技巧等级】,5000,;マスターの技巧が上昇
53,【经验值】,1000,;经验值を10得る
;陷阱関係素質,,,
54,【淫魔知识】,100000,;魔王にTAL:淫魔知识がつく
55,【陷阱等级】,5000,;陷阱の効果を増やす
56,【魔虫知识】,10000,;一部の陷阱を強化するTAL:魔虫知识がつく
;ここから陷阱,,,
60,落穴,10,
61,射箭陷阱,50,
62,传送陷阱,80,
63,单向通行陷阱,100,
64,催淫陷阱,120,
65,触手地板陷阱,150,
66,媚药泥沼陷阱,170,
67,自慰催眠陷阱,180,
68,拟态房间陷阱,190,
69,召唤陷阱,1000,
70,梦魔陷阱,180,
71,史莱姆房间陷阱,90,
72,蜘蛛网,10,
73,奸商,70,
74,黑暗的陷阱,200,
75,弹射,180,
76,魔力扩散陷阱,300,
77,油壶陷阱,50,
78,火箭发射陷阱,110,
79,肛门虫陷阱,80,
80,淫虫陷阱,60,
81,宝石陷阱,20,
82,攻击效果陷阱,40,
83,防御效果陷阱,40,
84,魔法伤害陷阱,40,
85,鬼手陷阱,100,
86,幻境陷阱,500,
;,,,
90,触手生物,50000,;触手調教が可能に
91,装饰的戒指,100,;呪いアイテム
;,,,
;ここから怪物,,,
100,狗头人,100,;1Fのユニット
101,哥布林,100,
102,黏液怪,100,
103,龙头苍蝇,200,
104,丧尸,10,
110,兽人,200,;2Fのユニット
111,熊地精,180,
112,藤蔓怪,240,
113,丧尸虫,360,
114,丧尸猎犬,100,
120,蜥蜴人,350,;3Fのユニット
121,食人魔,230,
122,食铠者,400,
123,小仙子,420,
124,毒蜈蚣,200,
130,巨魔,430,;4Fのユニット
131,石像鬼,340,
132,小恶魔,450,
133,男巫,500,
134,报丧女妖,300,
140,下等恶魔,510,;5Fのユニット
141,地狱猎犬,480,
142,史莱姆,570,
143,女巫,600,
144,吸血树,400,
150,巨人,630,;6Fのユニット
151,奇美拉,560,
152,魅魔,680,
153,男祭司,700,
154,夜少女,500,
160,女忍,710,;7Fのユニット
161,黑暗骑士,690,
162,食脑魔,750,
163,女祭司,800,
164,小精灵,600,
170,忍者,830,;8Fのユニット
171,无头骑士,740,
172,吸血鬼,890,
173,幽灵,900,
174,死亡蝎,700,
180,大恶魔,1000,;9Fのユニット
181,死亡领主,1000,
182,莉莉丝,1000,
183,梦魇,1000,
184,眼魔,1000,
190,骷髅兵,1,;穴埋め用の骷髅兵と、8F以降にランダム遭遇する強力怪物
191,黑暗救世主,10000,
192,九尾,10000,
193,混沌龙,10000,
;,,,
;201～調教可能怪物。現状280までを確保とする,,,
201,精英史莱姆,15,
202,精英狗头人,15,
203,精英蚁怪,15,
204,精英芽怪,15,
205,精英海妖,15,
206,精英小仙子,15,
207,巨人酋长,15,
208,精英恶魔,15,;男勇者できてから考える
209,精英妖魔,15,
210,猎犬首领,15,
;,,,
;300以降は装備品,,,
300,装饰戒指,1,;何も无
301,破坏戒指,1,;ダメージ増加
302,守护戒指,1,;装備リセット時強化
303,加速戒指,1,;先手になりやすく
304,再生戒指,1,;回復量増加
305,意志戒指,1,;気力回復量増加
306,欲望戒指,1,;容易陷落付与
307,怪力戒指,1,;装備リセット時攻撃値増加
308,强韧戒指,1,;装備リセット時防御値増加
309,支配戒指,1,;怪物を仲間に
310,成长戒指,1,;经验值増加
311,虚弱戒指,1,;装備リセット時ペナルティ
312,钝重戒指,1,;後手になりやすく
313,死之戒指,1,;体力と気力の回復量減衰
314,衰弱戒指,1,;基本攻撃値?基本防御値減少
315,洗脑戒指,1,;即陥落＆顺从増加
316,陷阱回避戒指,1,;陷阱を高確率で避ける
317,侵攻戒指,1,;侵攻速度が上昇する
318,结界戒指,1,;必ずキャンプする
319,试炼戒指,1,;侵攻減速＆キャンプ禁止（結界より上位）
320,不幸戒指,1,;陷阱回数増加＆陷阱避け無効化
;340以降は武器,,,
340,剑,1,;攻撃値をそのままダメージとする装備
341,法杖,1,;ダメージが下がる代わりに気力が回復する装備
342,鞭子,1,;ダメージが下がる代わりに防御力へのダメージが増加する装備
343,匕首,1,;ダメージが下がる代わりに連続攻撃が可能な装備
344,手里剑,1,;弾数のある限り連続攻撃が可能になる装備。弾が尽きるとダメージ低下
345,弓箭,1,;弾数のあり限りダメージが強化される装備。弾が尽きると攻撃不可
346,权杖,1,;ミスする代わりにダメージが大きい装備
347,战锤,1,;よくミスする代わりにかなりダメージの大きい装備
348,镰刀,1,;ミスする代わりに気力が回復する装備
349,触手,1,;気力が下がる代わりに、敵勇者の気力へのダメージが増える装備
350,细剑,1,;連続攻撃が可能な装備、匕首の上位互換
351,偃月刀,1,;ミスする代わりにダメージが大きい装備.。メイスの上位版
352,指虎,1,;ダガーよりダメージが低く、ダガーより連続攻撃する
;400以降は消耗品,,,
400,草药,1,;HP500回復
401,回复药水,1,;気力500回復
402,回复之杖,1,;HP200回復複数使用可能
403,精神之杖,1,;気力200回復複数使用可能
404,力之种子,1,;攻撃+1
405,守之种子,1,;防御+1
406,经验硬币,1,;经验值+50
407,命之种子,1,;最大HP+10
408,心之种子,1,;最大気力+5
409,经验银币,1,;经验值+150
410,圣水,1,;寄生回復
411,堕落的宝石箱,1,;換金用
412,透明化之药,1,;忍術相当の回避力UP
413,英雄之药,1,;攻撃・防御・回避率UP
;500以降は设施,,,
500,商店街,1,;現金収入
501,沼地,1,;侵攻スピードを下げる
502,人类牧场,1,;肉便器の数に応じても怪物が増える
503,冰室,1,;攻撃力を下げる
504,热砂,1,;防御力を下げる
505,迷宫,1,;侵攻スピードを下げる高級版
506,博物馆,1,;石像の数に応じて士気を下げる
507,娼馆街,1,;娼婦の奴隷が階層に留まるようになる。イベントも発生する
;550以降は追加罠,,,
;600以降は追加モンスター,,,
600,野蛮人,1,
601,巨蚁,1,
602,红皮兽人,1,
603,食人花,1,
604,大猩猩,1,
605,图腾女郎,1,
606,大象,1,
607,赤红萨满,1,
608,巨魔法师,1,
609,森林巨龙,1,
;1000以降は集団戦の敵、一様1999までを確保とする,,,
1000,十字军战士,1,
1001,十字军神官,1,
1002,十字军骑士,1,
1003,十字军法师,1,
1004,十字军猎手,1,
1005,十字军战士,1,
1006,十字军神官,1,
1007,十字军骑士,1,
1008,十字军法师,1,
1009,十字军猎手,1,